{"current_id":19,"saved":{"18":{"x":-0.75,"y":0,"xsize":600,"ysize":600,"zoom":4,"numthreads":8,"depth":200000,"color_method":"log_grad","color_params":{"point1":[255,215,137],"point2":[0,215,241],"set_color":[0,0,0],"repetitions":3,"base":2},"name":"p1"},"19":{"x":-1.7861169576644897,"y":-0.000022530555725097656,"xsize":600,"ysize":600,"zoom":9.5367431640625e-7,"numthreads":8,"depth":200000,"color_method":"log_grad","color_params":{"point1":[255,215,137],"point2":[0,215,241],"set_color":[0,0,0],"repetitions":3,"base":2},"name":"p2"}}}